{
  "slug": "Moaneschien",
  "name": "Moaneschien4Rack",
  "brand": "Moaneschien",
  "version": "1.6.1",
  "license": "GPL 3",
  "author": "Ingo",
  "authorEmail": "",
  "authorUrl": "",
  "pluginUrl": "https://github.com/moaneschien/4rack",
  "manualUrl": "https://github.com/moaneschien/4rack",
  "sourceUrl": "https://github.com/moaneschien/4rack",
  "donateUrl": "",
  "changelogUrl": "https://github.com/moaneschien",
  "modules": [
    {
      "slug": "Ramp",
      "name": "Ramp",
      "description": "Voltage ramp, linear, exponential, cosine",
      "tags": ["voltage ramp"]
    },
    {
      "slug": "Bezosc",
      "name": "Bezosc",
      "description": "Bezier oscillator",
      "tags": ["oscillator"]
    },
    {
      "slug": "rndbezosc",
      "name": "rndbezosc",
      "description": "morphing random Bezier oscillator",
      "tags": ["oscilator"]
    }
  ]
}